ubicacion,tipo,equipos_certificables,hoy_bloquear,hoy_desasignar,hoy_enviar_lab,esperan_recertificacion,correos (separados por ;),responsable,telefono
Bia Bogota,Bodega Bia,1359,4,5,45,629,,,
Bia Barranquilla,Bodega Bia,256,0,3,63,153,,,
ELECPROYECTOS,Contratista,60,1,0,0,8,,,
REHOBOT,Contratista,31,0,0,1,30,,,
SGE Bucaramanga,Contratista,12,1,0,2,9,,,
S&SE,Contratista,8,0,0,0,5,,,
ISELEC,Contratista,8,0,0,0,8,,,
DR TELEMEDIDA,Contratista,7,3,0,0,4,,,
AR INGENIERIA,Contratista,7,0,0,0,7,,,
ISEMEC CALI,Contratista,5,1,0,0,4,,,
C3 MONTERIA,Contratista,4,0,0,0,4,,,
POWER GRID,Contratista,3,0,0,2,1,,,
GMAS,Contratista,3,3,0,0,0,,,
MONTAJES MT,Contratista,3,0,0,0,3,,,
SGE Cali,Contratista,2,0,0,0,2,,,
ISEMEC BOGOTA,Contratista,1,0,0,0,1,,,
MONTAJES MT VILLAVICENCIO,Contratista,1,0,0,0,1,,,
MONTAJES MT HUILA,Contratista,1,0,0,0,1,,,
DTYS,Contratista,1,0,0,0,1,,,
SGE Pasto,Contratista,1,0,0,0,0,,,
C3 BOGOTA,Contratista,1,0,0,0,1,,,
C3 VALLEDUPAR,Contratista,1,0,0,0,1,,,
INPEL,Laboratorio,6,0,0,0,3,,,
